{
  "name" : "广州塔地铁项目-有害气体传感系统",
  "uiData" : {
    "room" : [
      {
        "room_name" : "广州塔地铁项目-有害气体传感系统",
        "conditioner" : {
          "device" : [
            {
              "ac_id" : 1,
              "index" : 0,
              "min_temper" : 15,
              "timeout_interval" : 10,
              "max_temper" : 40,
              "device_type" : 11,
              "device_name" : "1",
              "serial_port" : "USB1",
              "sync_type" : 0,
              "device_id" : 1,
              "PB" : 1,
              "name" : "传感器"
            }
          ],
          "permission" : 1
        },
        "room_id" : 0,
        "analog_digital_string" : {
          "device" : [
            {
              "category" : "",
              "alias" : "CO-H2S_Module",
              "definition" : "",
              "device_id" : 1,
              "sn" : "L03Z05FASYHQ002_CA305-01",
              "analog_digital_string_type" : 0,
              "name" : "一氧化碳及硫化氢气体监测模块",
              "scene_id" : "101"
            },
            {
              "category" : "",
              "alias" : "C3H8_Module",
              "definition" : "",
              "device_id" : 2,
              "sn" : "L03Z05FASYHQ002_PR305-01",
              "analog_digital_string_type" : 0,
              "name" : "丙烷气体监测模块",
              "scene_id" : "102"
            },
            {
              "category" : "",
              "alias" : "CH4_Module",
              "definition" : "",
              "device_id" : 3,
              "sn" : "L03Z05FASYHQ002_ME305-01",
              "analog_digital_string_type" : 0,
              "name" : "甲烷气体监测模块",
              "scene_id" : "103"
            },
            {
              "category" : "",
              "alias" : "H2_Module",
              "definition" : "",
              "device_id" : 4,
              "sn" : "L03Z05FASYHQ002_HY305-01",
              "analog_digital_string_type" : 0,
              "name" : "氢气气体监测模块",
              "scene_id" : "104"
            },
            {
              "category" : "",
              "alias" : "SO2_Module",
              "definition" : "",
              "device_id" : 5,
              "sn" : "L03Z05FASYHQ002_SU305-01",
              "analog_digital_string_type" : 0,
              "name" : "二氧化硫气体监测模块",
              "scene_id" : "105"
            },
            {
              "category" : "",
              "alias" : "Smoke_Module",
              "definition" : "",
              "device_id" : 1,
              "sn" : "L03Z05FASYHQ001",
              "analog_digital_string_type" : 0,
              "name" : "吸气式探测器主机",
              "scene_id" : "201"
            }
          ],
          "permission" : 1
        }
      }
    ],
    "security" : [

    ]
  }
}